PDB, Trp, distance (Angstroms), k_sq (N), k_sq (D), k_sq_est (N), k_sq_est (D)
1JP6,7,21.401083360428274,0.19806671147426372,2.2882197589227768,0.17311195131662288,2.1472661578015759